URL,Label（1 代表詐騙，0 代表正常）
adclick.g.doubleclick.net/pcs/click?xai=AKAOjsuo0XPVMAiZ-P53FnfGJqLpOV64AswPapcnXdAJ7OOz1-LByqmNHUihL-d72pVzvN2l3nX7TIC9qQ64e-WSvMeTm8eI02NVLZnZA0PLVTOlbmVJULplO6U-PVB2jxEbxdn_x26xdV5oWgLZdG6RD4Hr95StmjWXfoma0H9JiT3MPX9upJeuGq0qAisexaz72XCHm19U4O_jPTdujzdkbOefMvUVWKAj_yt5wt4r49qyFeHGI9LmFNXDZ-8NBq6EDr70__RWRFDg9iqPG4lc7Vqkm26sbaL1Q0U8CoK7oBAXwxbgNc0uZOvA8Re8-kZtK8m1lY8QKT3pN5tz3NHeK16CTEy9xqVsRgBKgI_sxAkc3fdrYuAoBBapID8dmzt5WoMKsTl7-2OGf6m_bYlg--NKxMbsAEhQa1cLkjk&sai=AMfl-YRocjWfCQ1-BQMa6u5kUJlZ_EThhhi2sTHAssYcVBnMp3Gr47RoabjK-R1_igTfM1Sf4WsuL_thwiXJNd8NEGSPp4VkirXf7N__xVYQzqKNotV1a1S3qYBZVI7FNOj9wa8PMHsnwhm6GbEherb9K7xCZYSlUBkaHa-bB6vYamFoNRVNs0LbbZy12FNW8YHGSe83QIS_xz78TYoFk8wxj4FckdRedFbV4F6Gl8pG6Jxugp0G-7MDQWmP4ZFu0xy4gjj4EL_qcktbNd3Ss2c5Pk1jVnzcdfgVX0UdfqLaVNab3vvq0O5YUHpBtGfRIzxvsI292lkRtkzN08Ncz3OjZzOdc4j6V0SBgEmSsu3YoLRYwV0tLK8EZ3UdycONJ5apuUYxH5bJ_Vh9Mx5iRH3Jw94GW6lYny4IvGWz48iP4-HAp0Cu6w&sig=Cg0ArKJSzBqjkhhNDsVuEAE&fbs_aeid=%5Bgw_fbsaeid%5D&urlfix=1&adurl=https://www.momoshop.com.tw/goods/GoodsDetail.jsp?i_code=12477016&osm=ve01&utm_source=Yahoo&utm_medium=news-feed,0
https://165.npa.gov.tw/#/,0
https://24h.pchome.com.tw,0
https://24h.pchome.com.tw/prod/DCBE23-A900BORKV?utm_source=criteo&utm_medium=display&utm_campaign=awo_mkt_traffic_3c_3c_all_criteo_display_prospecting_3c_bonus_Acquisition_Visit_Prospecting_3C_3C&utm_id=454489&cto_pld=br1bcddvAQBdQB9ejGGibg,0
https://ak.hypergryph.com/,0
https://ani.gamer.com.tw/,0
https://asia.apm.mc/zh-hant,0
https://booking.tigerairtw.com/zh-TW/index,0
https://diablo4.blizzard.com/zh-tw/,0
https://diptyque.com.tw/,0
https://endfield.gryphline.com/landing/ua/obt?hg_media=bing&hg_link_code=kuwtSEl2&transaction_id=%7Btransaction_id%7D&hg_campaign_id=192&utm_source=bing&utm_medium=cpc&utm_campaign=AE-UA-New-PC-Bing-1-TW-CPA-Search-260316&utm_term=%E6%98%8E%E6%97%A5%E6%96%B9%E8%88%9F&utm_content=Exact+Match&campaignid=487553696&adgroupid=1230354873095941&targetid=kwd-76897648119932%3Aloc-40&matchtype=e&device=c&network=o&loc_physical_ms=%7BLocation%7D&loc_interest_ms=%7BLocation%7D&msclkid=dddb7e5bfcee185848b2145a7126f8d1,0
https://fearofgod.com/collections/new-releases,0
https://flight.eztravel.com.tw/activity/scoot-TR/?p=scoot-TR2&utm_source=yahoo&utm_medium=ad_hp&AllianceID=202&SID=9&OUID=9000,0
https://gamewith.jp/shadowverse-wb/503018,0
https://genshin.hoyoverse.com/zh-tw/home?af_adset=1,0
https://global.hisense.com/,0
https://happybebe.com.tw/du3uu/item/16471565/86%E6%8A%BD_%E7%84%A1%E8%93%8B%E3%80%9024%E5%8C%85_%E7%AE%B1%E3%80%91?utm_source=yahoo&utm_medium=cpc&tblci=GiA5n4SiK98eD1alI9Id51_-63hxasLjhT7q7EnH-Vd5iCD2nXgo_8CHy9HjwuCtATC162M#tblciGiA5n4SiK98eD1alI9Id51_-63hxasLjhT7q7EnH-Vd5iCD2nXgo_8CHy9HjwuCtATC162M,0
https://honglin-group.com/haute-2025/?gad_source=5&gad_campaignid=23615291988&gclid=EAIaIQobChMIuau-0IXMkwMVzoFWAR1QxCEoEAEYASAAEgJFfPD_BwE,0
https://hsr.hoyoverse.com/zh-tw/home,0
https://kktix.com/,0
https://maisonkitsune.com/ww/,0
https://maplestoryworlds.nexon.com/zh-tw/download,0
https://na.finalfantasyxiv.com/,0
https://new.nissan.com.tw/nissan,0
https://nte.iwplay.com.tw/,0
https://online.carrefour.com.tw,0
https://openphish.com/index.html,0
https://overwatch.blizzard.com/zh-tw/,0
https://playvalorant.com/zh-tw/,0
https://privatebuilding.ncree.org.tw/?gclid=EAIaIQobChMIzsaA_NDgkwMVrMsWBR3YKB-mEAEYASAAEgKw6PD_BwE&dclid=COuZg__Q4JMDFcbpFgUdi4Mjig&gad_source=7&gad_campaignid=23705158931,0
https://rhinoshield.tw/?srsltid=AfmBOopFmQJfSLgL2Wme-N6kdBFFQgjSuwQeut93o3658IjITlUrtdZR,0
https://saliya.com.tw/,0
https://salomon.com.tw/,0
https://shadowverse-wb.com/cht/,0
https://shop.cosmed.com.tw,0
https://shop.cosmed.com.tw/SalePage/Index/11508278?utm_source=criteo&utm_medium=display&utm_campaign=Web%20Traffic%20-%20CPM&utm_id=220926&cto_pld=uP20e9fkAACXyOlaZOwECw,0
https://shop.cosmed.com.tw/SalePage/Index/11620107?utm_source=criteo&utm_medium=display&utm_campaign=Web%20Traffic%20-%20CPM&utm_id=220926&cto_pld=hgWOmNfkAACxeDPq0fPQCQ,0
https://shop.pxmart.com.tw,0
https://shopee.tw/logitechg.store?categoryId=100644&entryPoint=ShopByPDP&itemId=46803131494&upstream=search,0
https://shopee.tw/mall,0
https://shopee.tw/razer_tw?categoryId=100644&entryPoint=ShopByPDP&itemId=27100531174&upstream=search,0
https://shopping.friday.tw,0
https://store.asus.com/tw,0
https://store.steampowered.com/,0
https://store.steampowered.com/app/1203220/NARAKA_BLADEPOINT/,0
https://store.steampowered.com/app/3321460/_/,0
https://store.steampowered.com/app/3564740/_/?l=tchinese,0
https://supercell.com/en/,0
https://taipei.grand-hilai.com.tw/,0
https://taiwan.coach.com/,0
https://towerofsaviors.com/,0
https://tw.aorus.com/service.php,0
https://tw.bid.yahoo.com/item/101729500379?co_servername=ecm_auc_r12n_item-hotsale_260401&utm_source=yahoo&utm_medium=ecm_auc,0
https://tw.buy.yahoo.com,0
https://tw.buy.yahoo.com/gdsale/gdsale.asp?gdid=11599296&co_servername=backfill_r12n_item-trending_260409&utm_source=yahoo&utm_medium=backfill&contentUuid=bca925b6-d45d-38bb-8026-e585be2ebfa4&featureId=eac91dfd-6630-411b-a154-9231e97b9890&size=970x250&requestId=40df9a42-e462-4b8c-9f04-661e0ef461ca&uuid=8sepMIzDM6qbevKS9115,0
https://tw.canon/zh_TW/consumer/web/eos-r-system-camera-2years-warranty,0
https://tw.micron.com/,0
https://tw.msi.com/,0
https://tw.ncsoft.com/aion2/teaser/index,0
https://tw.pandora.net/,0
https://tw.puma.com,0
https://tw.sulwhasoo.com/,0
https://undercoverism.com/,0
https://video.friday.tw/,0
https://wellness.suntory.com.tw/lp/PAR250605GLc4?urlid=POPALart250715ZGLn4&goods_id=64&adv=1&qty=1&telno=030176&utm_source=popin&utm_medium=POP&utm_campaign=POPALart250715ZGLn4&cc4d76fdaf5=5596&a0v5la7bquf89=6c7753024af7489b27xudz00mnrehugm&uy3ubftvh0u6o8=90d0be5e1982075200cb16e761b159c7&cusduxj27i=3927406&xnfrr0ncac=30874&zsmoi87pih9=trace.popin.cc&lzzgnpz8d=8d0bc9b119758b978e096eac61b799e0&Q09ORklH=2,0
https://worldofwarcraft.blizzard.com/zh-tw,0
https://wtaps.com/,0
https://wutheringwaves.kurogames.com/zh-tw/main/news,0
https://www.abc-mart.com.tw,0
https://www.acnestudios.com/tw/en/tw,0
https://www.adlinktech.com/tw/index,0
https://www.agete.tw/index.php,0
https://www.alexandermcqueen.com/zh-tw,0
https://www.americanexpress.com/zh-tw/?comm_track_id=r_cb16f4e9-8fa3-426d-9e7e-9731fd96aa1d_1_x,0
https://www.apple.com/,0
https://www.apple.com/tw/shop,0
https://www.audi.com.tw/zh/,0
https://www.bandainamcoth.tw/,0
https://www.bioderma.com.tw/,0
https://www.boardriders.com.tw/page/Quiksilver,0
https://www.boconcept.com/zh-tw/,0
https://www.books.com.tw/,0
https://www.bot.com.tw/tw/personal-banking,0
https://www.boucheron.com/tw/,0
https://www.boyy.com/,0
https://www.bridgestone.com.tw/zh,0
https://www.bulgari.com/zh-tw/,0
https://www.buy123.com.tw/,0
https://www.calvinklein.com.tw/zh/home/,0
https://www.carrefour.com.tw/,0
https://www.casetify.com/product/FiBhw_talk-to-the-hand/iphone-14-pro/recasetify-impact-case/16004870?item_option=16004870&utm_source=CRITEO_TW&utm_medium=cpc&utm_campaign=202601_TOFU_Behavioral_zonfriends2601&utm_id=642009&cto_pld=oWnYqZTmAQCTvMJOrLNs1g#/16004870,0
https://www.casio.com/tw/,0
https://www.cathay-cube.com.tw/cathaybk,0
https://www.cathaypacific.com/cx/zh_TW.html,0
https://www.chailease.com.tw/index,0
https://www.chamonix.com.tw/,0
https://www.check2check.com.tw,0
https://www.china-airlines.com/tw/zh,0
https://www.chloe.com/en-tw,0
https://www.coach.com.tw/,0
https://www.columbia.com.tw/,0
https://www.combi.com.tw/,0
https://www.coolpc.com.tw/tw/,0
https://www.coupang.com.tw,0
https://www.ctbcbank.com/twrbo/zh_tw/index.html,0
https://www.daf-shoes.com,0
https://www.dbs.com.tw/index-zh/default.page,0
https://www.deltaww.com/zh-TW/index,0
https://www.drwu.com/,0
https://www.ea.com/zh-tw/games/library/pc-download,0
https://www.easycard.com.tw/,0
https://www.eatogether.com.tw/zh-TW/home,0
https://www.epicgames.com/site/home?lang=zh-Hant,0
https://www.esteelauder.com.tw/products/1799/product-catalog/bestsellers?gad_source=1&gad_campaignid=13949151549&gbraid=0AAAAADDOTI5AcAknMAq8EDdQxu3NJ0bNK&gclid=CjwKCAjwzevPBhBaEiwAplAxvg0XJ5tKOqyZv6iUUooe3E6l3RXiqq72AUvgxqiQFAya9y-oV6w7IBoCLU4QAvD_BwE,0
https://www.esunbank.com/zh-tw/personal,0
https://www.etmall.com.tw,0
https://www.evaair.com/zh-tw/index.html,0
https://www.evergreen-hotels.com/?lang=zh-TW,0
https://www.fetnet.net/content/cbu/tw/index.html,0
https://www.ffxiv.com.tw/web/news/news_content.aspx?id=QXWXYM7kZ,0
https://www.fila.com.tw/,0
https://www.firstbank.com.tw/sites/fcb/personalhome,0
https://www.fossil.com.tw/,0
https://www.foxconn.com/zh-tw,0
https://www.fromsoftware.jp/jp/index.html,0
https://www.fruitfulfood.com.tw/zh-TW/home,0
https://www.fubon.com/financialholdings/home/index.html,0
https://www.fullon-hotels.com.tw/tw/,0
https://www.furla.com/int/en/,0
https://www.gamer.com.tw/,0
https://www.georgjensen.com/zh-tw,0
https://www.gh168-bank-loan-money.tw/?msclkid=d4d5334a0f0a180341825a93109078a2&utm_source=bing&utm_medium=cpc&utm_campaign=00-FB120241591946420542&utm_term=keyword&utm_content=%5B2026%2F3%2F17%5D%E9%96%8B%E5%A7%8B%E6%8E%A8%E5%BB%A3%20https%3A%2F%2Fwww.gh168-bank-loan-money.tw%2F01%2F,0
https://www.giorgioarmanibeauty.com.tw/,0
https://www.givenchy.com/int/en/homepage,0
https://www.givenchybeauty.com/int/en?redirect=1,0
https://www.gogo-japan.com.tw/activity/promo.html?gad_source=5&gad_campaignid=19184488486&gclid=EAIaIQobChMIpOPjr_DMkwMVaZi5BR2sYxFgEAEYASAAEgIv1fD_BwE,0
https://www.graff.com/tw-zh/home/,0
https://www.grand-hotel.org/tw/official/main.aspx?gh=TP,0
https://www.great-home.com.tw/Subject/%e5%a5%bd%e5%b1%8b%e9%99%8d%e5%83%b9%e5%85%a5%e6%89%8b%e7%8f%be%e8%b3%ba?utm_source=ysm&utm_medium=native_cpc&utm_campaign=native_discount2510&tblci=GiA5n4SiK98eD1alI9Id51_-63hxasLjhT7q7EnH-Vd5iCCstG0ou7ns1qG86LQsMO6cXw#tblciGiA5n4SiK98eD1alI9Id51_-63hxasLjhT7q7EnH-Vd5iCCstG0ou7ns1qG86LQsMO6cXw,0
https://www.gu-global.com/tw/zh_TW/,0
https://www.guerlain.com/tw/zh-tw,0
https://www.harrywinston.com/zh-hans,0
https://www.hcg.com.tw/tw,0
https://www.head.com/en/,0
https://www.helenarubinstein.com.tw/,0
https://www.hermanmiller.com/zh_tw/,0
https://www.hero-wars.com/?delayedsignup=true&nx_source=adx_adwordsdisplay.hw_wb_uu_-.cc-asian.g-mix.a-mix.au-adult_audience.opt-purchase2.cr-hw_st_fbadalt4c_gif.cn-300_250.lp-delayed.dt-display.cid-23699340880.agid-194638709733.csd-260326.-&cp=.aid-802267744684&gad_source=5&gad_campaignid=23699340880&gclid=EAIaIQobChMI6PGevIXMkwMVLkYPAh0KFSonEAEYASAAEgInEvD_BwE,0
https://www.hero-wars.com/?delayedsignup=true&nx_source=adx_adwordsdisplay.hw_wb_uu_-.cc-asian.g-mix.a-mix.au-adult_audience.opt-purchase2.cr-hw_st_fbadalt4c_gif.cn-300_250.lp-delayed.dt-display.cid-23699340880.agid-194638709733.csd-260326.-&cp=.aid-802267744684&gad_source=5&gad_campaignid=23699340880&gclid=EAIaIQobChMIlZDChtXgkwMVKdg0Bx0J4hhwEAEYASAAEgKCsPD_BwE,0
https://www.hitachi-taiwan.com.tw/,0
https://www.hitobp.com.tw,0
https://www.hncb.com.tw/wps/portal/HNCB/,0
https://www.hoka.com.tw/,0
https://www.hola.com.tw/,0
https://www.honda-taiwan.com.tw/,0
https://www.hotai.com.tw/hotai/,0
https://www.howard-hotels.com.tw/zh_TW,0
https://www.hsbc.com.tw/,0
https://www.htc.com/tw/,0
https://www.hyundai-motor.com.tw/,0
https://www.icosta.com.tw/?utm_source=taboola&utm_medium=referral&tblci=GiC7qb3FxQCq0aRjXCYG5MDDqIf1CUbI8MGyunIXohO3HyCVqXgo6aPXzcbGjojyATDAiD8#tblciGiC7qb3FxQCq0aRjXCYG5MDDqIf1CUbI8MGyunIXohO3HyCVqXgo6aPXzcbGjojyATDAiD8,0
https://www.indievox.com/,0
https://www.infiniti.com.tw/,0
https://www.inparadise.com.tw/zh-TW/home,0
https://www.jack-wolfskin.com/,0
https://www.jacquemus.com/en_fr,0
https://www.jaguar.com/zh-tw/jdx/index.html,0
https://www.jhujian.com.tw/tw,0
https://www.jinzhu.com.tw/zh-TW/home,0
https://www.jkopay.com/application,0
https://www.june1.com.tw/website/documents/%E5%BE%AE%E9%A2%A8%E5%8C%97%E8%BB%8A?utm_source=bridgewell&utm_medium=cpm&utm_campaign=tpeMS&utm_content=1140402-F78&bwp_lp=3&bwp_stk=011a03c8bff634f111804a246e960921c4,0
https://www.june1.com.tw/website/news_detail/185?utm_source=bridgewell&utm_medium=cpm&utm_campaign=TMA&utm_content=1140522-A55&bwp_lp=3&bwp_stk=012a08ffb50534f111a924f48e38c43a90,0
https://www.kao.com/tw/,0
https://www.kenzo.com/en-int/country-selector,0
https://www.klook.com/zh-TW/?spm=HotelAPI_HotelListing.TopNavigation.BackHome&clickId=ec9c7185a6&dd_referrer=https%3A%2F%2Fwww.klook.com%2Fzh-TW%2Fhotels%2Fsearchresult%2F%3Fstype%3Dhotel%26city_id%3D10908%26svalue%3D272921%26title%3D%25E6%2588%2591%25E6%2598%25AF%25E9%25A3%25AF%25E5%25BA%2597%26_currency%3DTWD%26utm_source%3Dbing%26utm_medium%3Dcpc%26campaignid%3D663547737%26adgroupid%3D1322715171685609%26targetid%3Dkwd-82671225076190%253Aloc-40%26matchtype%3Dp%26device%3Dc%26creative%3D82669941990034%26extensionid%3D%26keyword%3D%25E6%2588%2591%25E6%2598%25AF%25E9%25A3%25AF%25E5%25BA%2597%26loc_interest_ms%3D%26loc_physical_ms%3D252686%26network%3Do%26utm_content%3Dcampaignid_663547737_adgroupid_1322715171685609%26msclkid%3D4e04c7db5b6017f4e200addac8008893,0
https://www.kose.com.tw/,0
https://www.landrover.tw/index.html,0
https://www.lativ.com.tw/,0
https://www.lativ.com.tw/?adTrackingId=2509221274&adSeq=0&utm_source=oath_yahoo&utm_medium=KT_logo,0
https://www.leagueoflegends.com/zh-tw/,0
https://www.lego.com/zh-tw,0
https://www.lexus.com.tw/,0
https://www.lexus.com.tw/showroom/NX?utm_source=NX&utm_medium=Mobile01PR160x600&utm_campaign=LEXUS2026_04_NX,0
https://www.lexus.com.tw/showroom/NX?utm_source=NX&utm_medium=YahooNews970x250&utm_campaign=LEXUS2026_04_NX&dclid=CLOwoYGEzJMDFQmiuQUdc1QHlw&gad_source=7&gad_campaignid=23693355281&gclid=EAIaIQobChMI28e6_4PMkwMVB5pWAR2MUCr7EAEYASAAEgIUkvD_BwE,0
https://www.line.me/tw/,0
https://www.linebank.com.tw/,0
https://www.lion-corp.com.tw/,0
https://www.lojel.com/,0
https://www.longchamp.com/tw,0
https://www.longchamp.com/tw/zh/,0
https://www.lorealparis.com.tw/,0
https://www.luckycatresort.tw/stay?gad_source=5&gad_campaignid=22622619107&gclid=EAIaIQobChMIm7az8YTMkwMVT5XWCB0DkiZhEAEYASAAEgIzu_D_BwE,0
https://www.lululemon.com.hk/zh-tw/home?gclsrc=aw.ds&&cid=ps_google_alwayson_lower_dm_zh-tw_a_na_hk-hmt-tw-en-purebrand-brandsearch-googleads-exm_rsa-21699622054-168170907980-lululemon&utm_medium=paid&utm_source=google&utm_campaign=ps_google_lower_dm_zh-tw_a_na_alwayson_hk-hmt-tw-en-purebrand-brandsearch-googleads-exm&utm_content=rsa-21699622054-168170907980-lululemon&gad_source=1&gad_campaignid=21699622054&gbraid=0AAAAADMx6u7kBhXDbS7pIuKbAP3DE87mH&gclid=EAIaIQobChMIpI3gnvbgkwMVPxJ7Bx0zYzpxEAAYASAAEgLt-PD_BwE,0
https://www.luxgen-motor.com.tw/,0
https://www.maisonmargiela.com/en-tw/,0
https://www.mala.com.tw/,0
https://www.mammut.tw/,0
https://www.mandarin-airlines.com/,0
https://www.marcjacobs.com.tw/,0
https://www.mastercard.com.tw/zh-tw.html,0
https://www.mazda.com.tw/,0
https://www.mediatek.com/zh-tw/,0
https://www.megabank.com.tw/personal,0
https://www.meierq.com,0
https://www.mercci22.com/,0
https://www.mercedes-benz.com.tw/passengercars/models/saloon/cla-electric/overview.html?utm_source=taboola&utm_medium=display&utm_content=2026cla_taboola_ron_convert&tblci=GiA5n4SiK98eD1alI9Id51_-63hxasLjhT7q7EnH-Vd5iCCVpnooiMHS8Y66w8Q0MO6cXw#tblciGiA5n4SiK98eD1alI9Id51_-63hxasLjhT7q7EnH-Vd5iCCVpnooiMHS8Y66w8Q0MO6cXw,0
https://www.merrell.com.tw/,0
https://www.mgmotor.com.tw/home/home.html,0
https://www.michaelkors.global/tw/en/,0
https://www.michelin.com.tw/,0
https://www.mihoyo.com/,0
https://www.mikimoto.com.tw/,0
https://www.minecraft.net/zh-hant,0
https://www.mitsubishi-motors.com.tw/,0
https://www.mobil.com.tw/zh-tw,0
https://www.moea.gov.tw/Mns/populace/home/Home.aspx,0
https://www.mof.gov.tw/,0
https://www.mofa.gov.tw/default.aspx,0
https://www.mohw.gov.tw/mp-1.html,0
https://www.moj.gov.tw/,0
https://www.momoshop.com.tw,0
https://www.momoshop.com.tw/goods/GoodsDetail.jsp?i_code=14478807&osm=ve01&utm_source=Yahoo&utm_medium=news-feed,0
https://www.momoshop.com.tw/goods/GoodsDetail.jsp?i_code=15001204&osm=criteo&utm_source=criteo&utm_medium=cv_visitor_co&utm_id=439606&cto_pld=u6ZHLQpGAAAthpLsgFUkvQ,0
https://www.momoshop.com.tw/main/Main.jsp,0
https://www.monsterhunter.com/,0
https://www.monsterhunter.com/rise/hk/,0
https://www.monsterhunter.com/wilds/zh-hant/,0
https://www.montbell.com.tw/,0
https://www.motc.gov.tw/ch/index,0
https://www.muji.com/tw,0
https://www.nchu.edu.tw/index1.php,0
https://www.nescafe.com/tw/,0
https://www.net-fashion.net/,0
https://www.nextbank.com.tw/,0
https://www.nike.com/tw,0
https://www.nitori-net.tw/,0
https://www.nitori-net.tw/article/Storage?utm_source=taboola&utm_medium=native-cpc&utm_campaign=uu-2026-alwayson4&utm_content=banner-2101t-flatte-0401-ad&utm_placement=display&tblci=GiDm3QAdcA1NPXurZ2m6tqWrZnrnY22T6icvLJSeoDGQViD343Eo6Jacub787s-1ATCEw2w#tblciGiDm3QAdcA1NPXurZ2m6tqWrZnrnY22T6icvLJSeoDGQViD343Eo6Jacub787s-1ATCEw2w,0
https://www.nthu.edu.tw/,0
https://www.ntu.edu.tw/,0
https://www.nycu.edu.tw/nycu/ch/index,0
https://www.obdesign.com.tw/,0
https://www.off---white.com/en-tw/tw,0
https://www.on.com/en-tw/,0
https://www.oncehuman.game/uags/?channel=ttd&utm_source=the-trade-desk&utm_campaign=thetradedesk_h73na_madhouse_steam_tw_install_conversion_event_pc_gamesight_createrolepurchase&utm_term=d5pmi1a&utm_content=fkbb9gqb&utm_medium=_5653238&gsid=1f13406df42b6fe681bc7afe0106fc0f&gsc=1,0
https://www.palace.com.tw/,0
https://www.palladium.com.tw/,0
https://www.patagonia.com/shop/mens,0
https://www.pazzo.com.tw/,0
https://www.pinkoi.com/,0
https://www.pinterest.com/,0
https://www.pomellato.com/tw_zh,0
https://www.porsche.com/taiwan/zh-tw/,0
https://www.poyabuy.com.tw,0
https://www.rado.com/zh_tw/watches-for-men.html?gclsrc=aw.ds&gad_source=1&gad_campaignid=17952251011&gbraid=0AAAAADf6elRMCnCPj1Z4bv3kkZv-HZ33j&gclid=CjwKCAjwzevPBhBaEiwAplAxvmJp5-CcKtjXy_VnQRyHn_GuQkucA0hznTlQqg56TavPXgWvjcAOtxoCtlUQAvD_BwE,0
https://www.rakuten-bank.com.tw/,0
https://www.rakuten.com.tw/,0
https://www.reebok.com.tw/zh-TW,0
https://www.residentevil.com/requiem/en-us/,0
https://www.revlon.com/,0
https://www.rimowa.com/tw/en/home,0
https://www.rinnai.com.tw/,0
https://www.roblox.com/,0
https://www.roxy.com/,0
https://www.ruten.com.tw,0
https://www.sacai.jp/,0
https://www.sakura.com.tw/,0
https://www.samsung.com/tw/shop,0
https://www.seagate.com/tw/zh/,0
https://www.shell.com.tw/,0
https://www.shinyeh.com.tw/content/zh/info/Index.aspx,0
https://www.showtimes.com.tw/,0
https://www.shuuemura.com.tw/,0
https://www.simplemart.com.tw/,0
https://www.sinopac.com/,0
https://www.skoda.com.tw/,0
https://www.soft-world-music.tw/,0
https://www.starlux-airlines.com/zh-TW,0
https://www.stussy.com/,0
https://www.subaru.asia/tw/zh/,0
https://www.sunnyfounder.com/solar-roof-check?utm_source=taboola&utm_medium=ads&utm_campaign=display_desk&tblci=GiA5n4SiK98eD1alI9Id51_-63hxasLjhT7q7EnH-Vd5iCDlymUoscmp78jZv5ZIMLXrYw#tblciGiA5n4SiK98eD1alI9Id51_-63hxasLjhT7q7EnH-Vd5iCDlymUoscmp78jZv5ZIMLXrYw,0
https://www.supreme.com.tw/WP/WP0000.aspx,0
https://www.swarovski.com/zh_TW-TW/,0
https://www.taishinbank.com.tw/TSB/personal/,0
https://www.taiwanmobile.com/index.html,0
https://www.tasaki.com.tw/,0
https://www.tcfhc.com.tw/about-us,0
https://www.tcl.com/global/en,0
https://www.thefaceshop.com.tw/,0
https://www.tiffany.com/tw,0
https://www.timberland.com.tw/,0
https://www.toryburch.tw/,0
https://www.tous.com/es-es/,0
https://www.toyota.com.tw/showroom/RAV4/?utm_source=m01&utm_medium=display&utm_campaign=202604_rav4&utm_content=ad7,0
https://www.toysrus.com.tw/zh-tw/,0
https://www.travel.com.tw/TOU/TOU0010/26MEE11AF?gad_source=5&gad_campaignid=23712173491&gclid=EAIaIQobChMIrZK5u-_MkwMVxkHDBh0pVxBnEAEYASAAEgI72vD_BwE,0
https://www.trivago.com.tw/zh-Hant-TW?themeId=358&sem_keyword=%E4%BD%8F%E5%AE%BF%E7%B6%B2&sem_creativeid=78271699196029&sem_matchtype=bp&sem_network=o&sem_device=c&sem_campaignid=180655921&sem_adgroupid=2543640137&sem_targetid=kwd-76072842679653:loc-40&cipc=sem&cip=8862901305&msclkid=ec2ae528eb04194766208f297864cb71,0
https://www.trplus.com.tw,0
https://www.tsmc.com/chinese,0
https://www.tw.coupang.com/?pageType=HOME&pageValue=HOME&wPcid=17750544437595805312982&wRef=www.google.com&wTime=20260507042712&redirect=landing&lptag=home&gclid=CjwKCAjwzevPBhBaEiwAplAxvsQ03Zg7igJrXhUDj5WQPDuYTFxbbXe9CssAQHZvwmADn_c69juuOhoCsGYQAvD_BwE&mcid=bffe49e202c44c42b8edfbb8f9ad082e&src=1043016&campaignid=22696835018&adgroupid=184120984791&gbraid=0AAAAABS75HWPONUJ3Qla8Dqz09C59zKC7&ctag=home&spec=10304001&network=g&addtag=900,0
https://www.tw.jcb/zh-tw/index.html,0
https://www.twse.com.tw/zh/index.html,0
https://www.ubisoft.com/zh-tw,0
https://www.unionpayintl.com/index.shtml,0
https://www.uniqlo.com/tw/zh_TW/,0
https://www.userjoy.com.tw/,0
https://www.vancleefarpels.com/tw/en/home.html,0
https://www.vans.com.tw/,0
https://www.veggtable.com/,0
https://www.visa.com.tw/,0
https://www.visvim.tv/,0
https://www.volkswagen.com.tw/zh.html,0
https://www.volvo.com/en/,0
https://www.vscinemas.com.tw/,0
https://www.wherewindsmeetgame.com/jm/activity/3sSsSg/3awyJ4?lang=zh-TW,0
https://www.wherewindsmeetgame.com/ldysteam2/?lan=tw&channel=thetradedesk%2Fm%2F&utm_source=the-trade-desk&utm_campaign=thetradedesk_h72na_madhouse_all_tw_install_pc_20251115&utm_term=kdzekfn&utm_content=n3nlqqjo&utm_medium=_5653175&gsid=1f12d919cdd16ab4be84e29d32835609&gsc=1,0
https://www.wilson.com/en-us/,0
https://www.wowprime.com/zh-tw/,0
https://www.yes123.com.tw/wk_index/joblist.asp?sdo=search&sjob_t=1,0
https://www.yohjiyamamoto.co.jp/,0
https://www.yonex.com.tw/,0
https://www.yulon-motor.com.tw/,0
https://www.yunchenpasta.com.tw/menu/23,0
https://www2.hm.com/zh_asia3/index.html,0
https://y5.wakool.net/game/play/2000000379?tblci=GiDiUrMFgvATmb4yu9IQIE5Ab-GnSyiZBsP2hpOxI7KDQSDPwHooku-v24-brv_RATCu62M#tblciGiDiUrMFgvATmb4yu9IQIE5Ab-GnSyiZBsP2hpOxI7KDQSDPwHooku-v24-brv_RATCu62M,0
https://zenless.hoyoverse.com/zh-tw/main,0
https://zh-tw.neighborhood.jp/?shpxid=29008365-3ee5-4868-ad0a-cadebc14ac9b,0
www.3m.com.tw,0
www.7-11.com.tw,0
www.85cafe.com,0
www.91app.com,0
www.acer.com,0
www.adidas.com.tw,0
www.adobe.com,0
www.aesop.com/tw,0
www.alibaba.com,0
www.amazon.com,0
www.asics.com.tw,0
www.asus.com,0
www.audemarspiguet.com,0
www.autodesk.com,0
www.autodesk.com.tw,0
www.avast.com/zh-tw,0
www.balenciaga.com,0
www.beams.tw,0
www.benq.com/zh-tw,0
www.bershka.com/tw,0
www.bilibili.com,0
www.biotherm.com.tw,0
www.blizzard.com,0
www.blueair.com/tw,0
www.bmw.com.tw,0
www.bosch-home.com.tw,0
www.brother.tw,0
www.bulgari.com,0
www.burberry.com,0
www.burgerking.com.tw,0
www.canon.com.tw,0
www.canva.com/zh_tw,0
www.capcom.com,0
www.capcom.com/taiwan,0
www.cartier.com,0
www.catchplay.com,0
www.chanel.com,0
www.chimei.com.tw,0
www.citycafe.com.tw,0
www.clarins.com.tw,0
www.clinique.com.tw,0
www.coca-cola.com,0
www.corel.com/tw,0
www.corsair.com/tw/zh,0
www.cosmed.com.tw,0
www.costco.com.tw,0
www.cyberbiz.io,0
www.cyberlink.com,0
www.dailymotion.com,0
www.decathlon.tw,0
www.dell.com,0
www.dior.com,0
www.diptyqueparis.com,0
www.discord.com,0
www.disney.com.tw,0
www.disneyplus.com,0
www.dlinktw.com.tw,0
www.dominos.com.tw,0
www.dropbox.com/zh_TW,0
www.dyson.tw,0
www.ea.com,0
www.ebay.com,0
www.edwin.com.tw,0
www.electrolux.com.tw,0
www.epson.com.tw,0
www.eset.com/tw,0
www.etsy.com,0
www.facebook.com,0
www.family.com.tw,0
www.fendi.com,0
www.forbelovedone.com,0
www.fujifilm.com.tw,0
www.gap.tw,0
www.garena.tw,0
www.garmin.com.tw,0
www.giant-bicycles.com/tw,0
www.gigabyte.com/tw,0
www.gogoro.com/tw,0
www.google.com,0
www.google.com/drive,0
www.gu-global.com/tw,0
www.gucci.com,0
www.hbogo.com.tw,0
www.hermes.com,0
www.hilife.com.tw,0
www.hitachi-homeappliances.com.tw,0
www.hm.com/tw,0
www.hp.com,0
www.ibm.com,0
www.ikea.com.tw,0
www.illy.com.tw,0
www.instagram.com,0
www.intel.com,0
www.iq.com,0
www.johnsonfitness.com.tw,0
www.jomalone.com.tw,0
www.kaspersky.com.tw,0
www.kfcclub.com.tw,0
www.kiehls.com.tw,0
www.kingston.com/tw,0
www.kkbox.com,0
www.koeitecmo.com.tw,0
www.kymco.com.tw,0
www.lacoste.com/tw,0
www.lancome.com.tw,0
www.laroche-posay.com.tw,0
www.levi.com.tw,0
www.lg.com/tw,0
www.line.me/tw,0
www.linetv.tw,0
www.linksys.com/tw,0
www.loccitane.com.tw,0
www.logitech.com,0
www.longines.com,0
www.louisacoffee.co,0
www.louisvuitton.com,0
www.lululemon.com,0
www.maccosmetics.com.tw,0
www.massimodutti.com/tw,0
www.mcdonalds.com.tw,0
www.mercedes-benz.com.tw,0
www.merida-bikes.com/zh-tw,0
www.mi.com/tw,0
www.microsoft.com,0
www.miele.tw,0
www.mitsubishielectric.com.tw,0
www.momo.com.tw,0
www.msi.com,0
www.naruko.com.tw,0
www.neogence.com.tw,0
www.nespresso.com/tw/zh,0
www.nestle.com,0
www.netflix.com,0
www.newbalance.com.tw,0
www.nike.com,0
www.nikon.com.tw,0
www.nintendo.tw,0
www.norton.com,0
www.nvidia.com,0
www.ogawa.com.tw,0
www.oguma.com.tw,0
www.okmart.com.tw,0
www.oppo.com/tw,0
www.oracle.com,0
www.origins.com.tw,0
www.osim.com.tw,0
www.panasonic.com.tw,0
www.patek.com,0
www.pchome.com.tw,0
www.pcloud.com/zh,0
www.penhaligons.com,0
www.pepsico.com,0
www.philips.com.tw,0
www.pizza_hut.com.tw,0
www.playstation.com,0
www.poya.com.tw,0
www.prada.com,0
www.pullandbear.com/tw,0
www.puma.com.tw,0
www.pxmart.com.tw,0
www.rakuten.co.jp,0
www.ralphlauren.com.tw,0
www.razer.com/tw-zh,0
www.realme.com/tw,0
www.riotgames.com,0
www.rolex.com,0
www.roots.com.tw,0
www.sabon.com.tw,0
www.salesforce.com,0
www.sampo.com.tw,0
www.samsung.com,0
www.sandisk.com.tw,0
www.sap.com,0
www.sega.com,0
www.sega.jp/tw,0
www.sephora.com,0
www.sharp.com.tw,0
www.shiseido.com.tw,0
www.shopee.tw,0
www.sisley-paris.com/zh-TW,0
www.sk-ii.com.tw,0
www.skechers.com.tw,0
www.slack.com,0
www.sony.com,0
www.spotify.com,0
www.square-enix.com,0
www.starbucks.com.tw,0
www.subway.com.tw,0
www.sulwhasoo.com/tw/zh,0
www.sym.com.tw,0
www.synology.com/zh-tw,0
www.tagheuer.com,0
www.tatung.com.tw,0
www.teco.com.tw,0
www.telegram.org,0
www.tesla.com,0
www.thenorthface.com.tw,0
www.tiffany.com,0
www.tokuyo.com.tw,0
www.tommy.com,0
www.tomods.com.tw,0
www.tomtom.com/zh_tw,0
www.toshiba-lifestyle.com/tw,0
www.toyota.com.tw,0
www.toysrus.com.tw,0
www.tp-link.com/tw,0
www.trendmicro.com/zh_tw,0
www.twitch.tv,0
www.ubisoft.com,0
www.underarmour.tw,0
www.urban-research.tw,0
www.vancleefarpels.com,0
www.viewsonic.com/tw,0
www.vimeo.com,0
www.watsons.com.tw,0
www.wd.com/zh-tw,0
www.whirlpool.com.tw,0
www.wix.com/zh,0
www.xbox.com,0
www.yamaha-motor.com.tw,0
www.youtube.com,0
www.ysl.com,0
www.zara.com/tw,0
www.zoom.us,0
0001.goodplay.asia,1
00068888.festosw.com,1
636219.com/index,1
Ighomestoreb.com,1
Igproductstore.com,1
Igshoponline.com,1
Igwkf.com,1
Imelte.com,1
Iseapp.com,1
Isgoto.cc/h5,1
a.tog253.click,1
a4k9m2.xyz,1
ab.cvauro.com,1
acn.yaewsn.com,1
aenrwa-asia.com,1
aeolontaiwan.com,1
ai.gomgmy.com,1
ai.wlhjq.sbs,1
akuneg.top,1
albb.8612573.com,1
amatraspj.com,1
ansoncai.com,1
app.enrich-pro.com,1
app.hkurdtw.vip,1
app.hkutdkr.vip,1
app.nkryrtt.com,1
app.pkhutyds.com,1
app.sgewe.cc,1
app.tkhusrd.com,1
app.veltrisa.club,1
appexpce88d1538.h5.elink.ai,1
aurex.icu,1
axexclub.com,1
az6rxm.com,1
based.tw,1
bep20-defi.com,1
bestie-love.vip,1
bf-mall.cc,1
booster.harvestplus.xyz,1
bricoin.pro,1
bustyfun-love.top,1
bustyfun-love.vip,1
bustyfunapp.vip,1
ca7b57.wvfwymux.com/gdf4rvgs,1
cff-ex.com,1
cicc-smart.vip,1
client.bitharvest.io,1
cmenyse.com,1
co-live.top,1
coinvanta.top,1
contimee.net/wap,1
cort-tw.vip,1
coupv.tw,1
crosswindmax.com,1
datahydruanc.com,1
datahydruihv.com,1
datahydruini.com,1
datahydruuiub.com,1
datahydruwrj.com,1
decrede.com,1
decredea.com,1
degnsccd.com,1
dentsu999.com,1
dewulab.com,1
dfxn28v1rrap2.cloudfront.net,1
dl.amltion.com,1
dolo.mgxo.club,1
dreamshopglobalmall.com,1
dudubuying.com,1
dvewe4ekjkljp.cloudfront.net,1
ebu.msctwn.com,1
eoyhkda.com,1
etc0-k.tsiax.com,1
etfbiti.vip,1
exmo-coin.net,1
exvadpro.com,1
exvafer.com,1
fackgo.cc,1
fackgo.co,1
fast-okx-shic.com,1
finexbit.xyz,1
fmoexinc.net,1
fxaxn.com,1
fxchat.one,1
fxmnvg.com,1
fyndiq.help,1
g.t9live2.vip,1
galaxus.info,1
gate.iomxr.com,1
globalretailspace.com,1
go.tww8.top,1
goldes.top,1
goldlue.sbs,1
goldlue.top,1
goldvg.top,1
gosm.net,1
gsctradingwarehousem.com,1
gzshhs.com/wap,1
h5.abkdhfj.com,1
h5.cjkisck.com,1
h5.cjkiscl.com,1
h5.cjkiscq.com,1
h5.cjkisk.com,1
h5.cjkisn.com,1
h5.cjkisx.com,1
h5.fdoigjf.com,1
h5.fxtrading.lol,1
h5.gfox-eth.com,1
h5.huob88.icu,1
h5.jdfibiti.com,1
h5.jdfibitq.com,1
h5.jdfibity.com,1
h5.lqsixs.com,1
h5.lqsixsq.com,1
h5.lqsixsy.com,1
h5.lqsixt.com,1
h5.lqsjxj.com,1
h5.mgxoweb.top,1
h5.vertexprotocol.mom,1
hakoab.com,1
hakoab.com/wap,1
heu.kacsu.com,1
hivemicro.cv,1
hkbitex.cc,1
hooklove88.vip,1
hotrosehot.bar,1
http://91mp4.top/,1
http://contimee.net/wap,1
http://dream-mall-shopggroup.com/,1
http://ex.trafprca.com/,1
http://h5.lqsixx.com/,1
http://m.tier1fx.cc/,1
http://nexcoinex.com/,1
http://phmexotc.aliexpres2.cc/,1
http://tudsdhfs.cc/,1
http://tudsdhfs.ccwww.aojru.com/,1
http://twmallocado.shop/,1
http://www.apebondxd.com/,1
http://www.fxeuopstkrivcng.shop/,1
http://www.jhvdjs.com/,1
http://www.mierzm.cc/h5,1
http://www.nuthsqs.com/,1
http://www.p2plhe.com/,1
http://www.tebbitgye.com/,1
http://www.thqiemax.com/,1
http://www.xt-8pl9.top/,1
ig.mahtejcue.com,1
ig.mahtiern.com,1
imtckan.xyz,1
k55185.com,1
kaigoldgroup.com,1
khurttrus.cc,1
kimi-club.top,1
kimi-io.top,1
kjs.kkjjaw.com,1
kzoraphy.com,1
lazada-ss1.website,1
lazada-ss1.xyz,1
lazadaa-ss.shop,1
lighterpro.io,1
linioshoptw.com,1
lydtwoecc.cyou,1
m.avatradstw.cc,1
m.bit-ligne.click,1
m.bitex-web3.life,1
m.bitex-web3.top,1
m.bitorxglobal.net,1
m.bitup.buzz,1
m.citis19475.com,1
m.galaxusc.com,1
m.guardarianc.com,1
m.jfw168vip.com,1
m.jh6668.com,1
m.make788.vip,1
m.xmlline.com,1
merchanstwish.com,1
metabullion.net,1
mmm.btcc.shop,1
neuroautar.com,1
neuroautbk.com,1
neuroautoi.com,1
newedbest.com,1
newedence.com,1
newedents.com,1
newedin.com,1
newedran.com,1
newedrane.com,1
nexcoinex.com,1
ofa177.net,1
oja3z5b5h.1vpbia9fl.com,1
okchain.net,1
onenight.life,1
onleswebs.store,1
oseamall.com,1
oushond.com,1
overstockes-hhabhzd9fnc0cmad.a03.azurefd.net,1
p1c7w.xyz,1
paynium.vip,1
pc.ofcompany.cc,1
pc.sutinsfx.cc,1
pc.tier1ltd.cc,1
phamtomvip99.com,1
phorynexalith.com,1
pillarfusionml.com,1
poyabuytww.com,1
pulseshift.tech,1
qexorynthavil.com,1
qovant.cloud,1
qt.dbsbhf.cc,1
qt.thdsnf.cc,1
qt.tudhshf.cc,1
qt.uydsbf.cc,1
qt.vbdgsf.cc,1
qt.yuhds.cc,1
qubic.top,1
rboadvsors.com,1
re.lbqmzpd.cn,1
rivolexa.vip,1
royalone.site,1
rwusdtcn.com,1
rzu8888.com,1
scanteak.top,1
sdgsgoala.com,1
sents.tw,1
sepy.esuliys.com,1
sfxfundedran.com,1
sgx-uudc.cc,1
shivs.icu,1
shop.67652.one,1
silkvip.site,1
silkvip.xyz,1
simte.xyz,1
skddxt.com,1
skddxt.com/wap,1
sm-shopmsbest.top/www,1
sm-shopwxbest.top,1
sm-shopwzbest.top,1
smartrobotplz.com,1
sme.yaewsn.com,1
stockwishs.com,1
sv.citics5388.com,1
t-prolvb.com,1
t-provp.com,1
taby.manjcx.com,1
taiguzb.com,1
tikmalles.top,1
tikmalles.top/www,1
tikmallod.top/www,1
tiktokstore.tw,1
tk.wldmall.vip/www,1
toeies.jp,1
tokyo-financial-xchange.cc,1
traddooest.com,1
traddoon.com,1
trelmocasturin.com,1
trvpzdoilocvip.net,1
tw.xmnner.com,1
tw206jjll.tt23.life.cdn.cloudflare.net,1
twalsksds.tt23.life.cdn.cloudflare.net,1
twlss.chende.cyoy/h5,1
twmallocado.shop,1
twyue.com,1
tynxar.com,1
usdt.sundapp.vip,1
valretremint.com,1
vitanetlink.com,1
w1.dsjfsjfgjs.cc,1
w1.hhdshhfh.cc,1
w1.rpflhh.cc,1
w1.zpvbjk.cc,1
w1k6p.xyz,1
web3dream7.qpon,1
web3ont.com,1
www.11uurrf.top,1
www.abbcodex.com,1
www.aegetjfy.com,1
www.aegetjle.com,1
www.allegroshop.ink,1
www.ameliation.com,1
www.aojru.com,1
www.apebondsd.com,1
www.apebondta.com,1
www.ar888.top,1
www.axiikm.com,1
www.axiqdj.com,1
www.axirhd.com,1
www.bastiocon.com,1
www.bastioncbx.com,1
www.bastionxga.com,1
www.bastionxwp.com,1
www.bhdshhshfa.cc,1
www.bifinancequi.vip,1
www.cali9999.net,1
www.chanbrothers.cc,1
www.chengjie-invest.forex,1
www.chengjie-invest.fund,1
www.chengjie.finance,1
www.cioepvk.com,1
www.cmeewba.com,1
www.cnngsl.cc,1
www.coine-x.top,1
www.coinexjweb.com,1
www.colendmnb.com,1
www.databaseiv.com,1
www.davderiva-tiveis.com,1
www.davderiva-tivess.com,1
www.dealloop-cluster.store,1
www.dealloop-zonex.store,1
www.dfrmbigu.vip,1
www.dhkuty.com,1
www.digitalorigin28.com,1
www.digitalorigin50.com,1
www.diubbc.com,1
www.dtjt243.vip,1
www.du96.net,1
www.enery333.cyou,1
www.erqwfbrty.com,1
www.etorodhe.com,1
www.evoliiqopro.com,1
www.faebookpang.com,1
www.faiupro.com,1
www.fbbuyshop.com,1
www.fhhdc.com,1
www.flnvf.cc,1
www.forexyt.top,1
www.friday-go.com,1
www.friday-tw.com,1
www.fungifyzjh.com,1
www.gjewe.cc,1
www.glfoundtw.net,1
www.globalexks.com,1
www.gnmeur.top,1
www.goldenwn.com,1
www.gusioedd.com,1
www.hglcxnv.com,1
www.hiforey.com,1
www.hknutd.com,1
www.hydrohfm.com/h5,1
www.ibkszgweb.com,1
www.igoldtw.top/wap,1
www.ijrgdfd.com,1
www.inspire168.com,1
www.jdsds.com,1
www.jhvsjoc.com,1
www.jijigongshe.com,1
www.jmgfinfx.com,1
www.jrxau.cc,1
www.jsuewq.com,1
www.jyfhde.com,1
www.kcjnbvu.com,1
www.kelpdaowej.com,1
www.kelpxsh.com,1
www.khride.com,1
www.khrudtre.com,1
www.khtestry.com,1
www.khurttrus.cc,1
www.krystaldefi.com,1
www.krystalerc.com,1
www.krystaleth.com,1
www.kunlunwanwei.net,1
www.kunlunwanwei.org,1
www.lockondeq.com,1
www.lsh01tw.com,1
www.mdexqaz.com,1
www.mesonat.com,1
www.mesonfin.com,1
www.mgxo.top,1
www.miiguan.cc,1
www.mindexrsge.com,1
www.mindextusa.com,1
www.mmrzna.com,1
www.mtscrmnest.com,1
www.nestcrmmks.com,1
www.nestmtcrmpros.com,1
www.newfuturefx.com,1
www.nidfhsdf.com,1
www.nkhutets.com,1
www.obscuraxns.com,1
www.odhbk.com,1
www.oiudshf.com,1
www.opivyidx.com,1
www.oviprbid.com,1
www.oxfrzep.cc,1
www.ozonxz.com,1
www.p2phxe.com,1
www.p2pltc.com,1
www.p2pxjd.com,1
www.pgurb.com,1
www.pizhxiu.com,1
www.pjcnsadyxe38.cc,1
www.pmsezokin.cc/h5,1
www.polestarscrm.com,1
www.poyabuytwb.com,1
www.poyabuytwssb.com,1
www.poyabyuys.com,1
www.poyasbuys.com,1
www.ppumpslick.com,1
www.premiumherv.com,1
www.probittrade.com,1
www.professioniu.com,1
www.pronestmkt.com,1
www.pursuitofloves.com,1
www.qdmpcoin-q.top,1
www.qdmpcoin-s.com,1
www.qdmpcoin.com,1
www.qdmpcoinn-q.top,1
www.qovant.online,1
www.quantoption.ink,1
www.quanyong.forex,1
www.quanyong.fund,1
www.qxrstfj.cn,1
www.realbitus.vip,1
www.riotplat.site,1
www.rthrd.com,1
www.sabvhei.com,1
www.savashop-bazaar.store,1
www.savvashop-lane.store,1
www.saxodeuo.top,1
www.saxosimd.one,1
www.scallopzhd.com,1
www.sgeqsfcf.com,1
www.sgexkkoq.com,1
www.sghfuk.com,1
www.shopifyex.com,1
www.shopifyexpro.com,1
www.sivsiv.com,1
www.tebitjzr.com,1
www.timucointrade.xyz,1
www.tradeswreg.com/rd/download,1
www.trumphhd.com,1
www.tselaev.com,1
www.tsmcec.com,1
www.tw-tokopearfvbkcinp.com,1
www.tw-trade.vip,1
www.twcfdts.com,1
www.tweuznr.com,1
www.twfmklo.com,1
www.twnaga.com,1
www.twspg.cc,1
www.twxausxjp.com,1
www.twxauvxjp.com,1
www.tyurd.com,1
www.uisoepv.com,1
www.uniuworild.com,1
www.universal-whiskey.top,1
www.urbgbs.com,1
www.valretremint.com,1
www.venetians.cc,1
www.vihwo.com,1
www.viijijd.com,1
www.vip-tiikonline.cc/www,1
www.vip-tokonline.cc/www,1
www.vipss.sbs,1
www.vnxerc.com,1
www.vvipstoreonline.cc,1
www.wallathvj.com,1
www.wallatzhr.com,1
www.walmarvahu.com,1
www.waslayshop-market.store,1
www.wildcatklw.com,1
www.xnjkc.one,1
www.xrvronaeai.com,1
www.xt-z8x1.top,1
www.xutong-tw.com,1
www.xvcxj.cc,1
www.ygjsp.one,1
www.yulinglong555.com,1
www.yuujxbcjnxe38.cc,1
www.yvdsnob.com,1
www.zack-zonieic.com,1
www.zack-zonieicco.com,1
www.zama.tw,1
www.zbtcexcjr.com,1
www.zeonsvomy.cc,1
www.zeonsvomy.cc/h5,1
www.zhzo.net,1
www.zltfm.top,1
wya.yaewsn.com,1
xtkyd.com,1
xvopcrypto.com,1
xvopinc.com,1
xvporntop.com,1
xynqoravithen.com,1
ydzq.pages.dev,1
ylgj9.cyou,1
zack-zoine.top,1
zalqorythiven.com,1
zenthrylomavex.com,1
zgjrqhjysvip1-b5mxq.ondigitalocean.app,1
zh.emartly-shop.shop,1
zh.planetshop-shop.xyz,1
zh.storecenter.shop,1
zucfjdi.cn,1
zx.citics519.com,1
zynqoravithul.com,1
