url,label,ai_score,note,time,source
az6rxm.com,1,0.24,,2026-06-22T15:16:36.919028,user_feedback
az6rxm.com,1,0.24,,2026-06-22T15:16:45.731559,user_feedback
http://w1.zpvbjk.cc/,1,0.62,,2026-06-22T15:16:54.708664,user_feedback
tk.wldmall.vip/www,1,0.82,,2026-06-22T15:17:18.343742,user_feedback
w1.hhdshhfh.cc,1,0.62,,2026-06-22T15:17:28.401630,user_feedback
m.galaxusco.com,1,0.3,,2026-06-22T15:19:19.450230,user_feedback
www.axizak.com,1,0.12,,2026-06-22T15:21:00.357781,user_feedback
https://autos.yahoo.com.tw/,0,0.7,,2026-07-20T21:28:40.293007,user_feedback
https://autos.yahoo.com.tw/,0,0.7,,2026-07-20T21:28:58.148632,user_feedback
https://autos.yahoo.com.tw/,0,0.7,,2026-07-20T21:29:06.921309,user_feedback
https://tw.news.yahoo.com/,0,0.05,,2026-07-20T23:18:25.355310,user_feedback
https://tw.news.yahoo.com/,0,0.05,,2026-07-20T23:18:30.751851,user_feedback
https://ani.gamer.com.tw/,0,0.7,,2026-07-30T17:09:09.510204,user_feedback
https://www.godaddy.com/zh/airo?isc=rowzh&dclid=CMzpmpqL-pUDFVRNwgUdJNoBtA&gad_source=7&cdtl=c_35197825.a_634433187.cr_252472449&gclid=EAIaIQobChMInaTwmIv6lQMVX5XpBR28TAE_EAEYASAAEgIrt_D_BwE&gad_campaignid=23602686658,0,0.07,,2026-07-31T15:20:57.425046,user_feedback
